{
  "providers": [
    {
      "type": "caxton",
      "regular": {
        "file": "caxton:regular.ttf",
        "shadow_offset": 0.5,
        "scale_factor": 0.85,
        "shift": [
          0,
          -0.5
        ]
      },
      "bold": {
        "file": "caxton:bold.ttf",
        "shadow_offset": 0.5,
        "scale_factor": 0.85,
        "shift": [
          0,
          -0.5
        ]
      }
    },
    {
      "type": "legacy_unicode",
      "sizes": "minecraft:font/glyph_sizes.bin",
      "template": "minecraft:font/unicode_page_%s.png"
    }
  ]
}